{"cards": 10, "upgrade_cards": 0, "curse_cards": 0, "relics": 1, "ascension": 0, "floor": 0, "potions": 0, "max_hp": 80, "current_hp": 80, "gold": 99}{"cards": 12, "upgrade_cards": 0, "curse_cards": 0, "relics": 1, "ascension": 0, "floor": 1, "potions": 1, "max_hp": 80, "current_hp": 76, "gold": 118}{"cards": 13, "upgrade_cards": 0, "curse_cards": 0, "relics": 1, "ascension": 0, "floor": 2, "potions": 1, "max_hp": 80, "current_hp": 70, "gold": 137}{"cards": 14, "upgrade_cards": 0, "curse_cards": 0, "relics": 1, "ascension": 0, "floor": 3, "potions": 1, "max_hp": 80, "current_hp": 71, "gold": 152}{"cards": 13, "upgrade_cards": 0, "curse_cards": 0, "relics": 1, "ascension": 0, "floor": 4, "potions": 1, "max_hp": 80, "current_hp": 71, "gold": 152}{"cards": 14, "upgrade_cards": 0, "curse_cards": 0, "relics": 1, "ascension": 0, "floor": 5, "potions": 2, "max_hp": 80, "current_hp": 54, "gold": 169}{"cards": 13, "upgrade_cards": 1, "curse_cards": 0, "relics": 1, "ascension": 0, "floor": 6, "potions": 2, "max_hp": 80, "current_hp": 54, "gold": 169}{"cards": 13, "upgrade_cards": 1, "curse_cards": 0, "relics": 1, "ascension": 0, "floor": 7, "potions": 2, "max_hp": 80, "current_hp": 28, "gold": 186}{"cards": 12, "upgrade_cards": 2, "curse_cards": 0, "relics": 1, "ascension": 0, "floor": 8, "potions": 2, "max_hp": 80, "current_hp": 28, "gold": 186}{"cards": 12, "upgrade_cards": 2, "curse_cards": 0, "relics": 2, "ascension": 0, "floor": 9, "potions": 2, "max_hp": 80, "current_hp": 28, "gold": 231}{"cards": 12, "upgrade_cards": 2, "curse_cards": 0, "relics": 2, "ascension": 0, "floor": 10, "potions": 2, "max_hp": 80, "current_hp": 28, "gold": 76}{"cards": 12, "upgrade_cards": 2, "curse_cards": 0, "relics": 2, "ascension": 0, "floor": 11, "potions": 2, "max_hp": 80, "current_hp": 52, "gold": 76}{"cards": 12, "upgrade_cards": 2, "curse_cards": 0, "relics": 2, "ascension": 0, "floor": 12, "potions": 3, "max_hp": 80, "current_hp": 30, "gold": 92}{"cards": 12, "upgrade_cards": 2, "curse_cards": 0, "relics": 2, "ascension": 0, "floor": 13, "potions": 3, "max_hp": 80, "current_hp": 54, "gold": 92}{"cards": 13, "upgrade_cards": 2, "curse_cards": 0, "relics": 3, "ascension": 0, "floor": 14, "potions": 3, "max_hp": 80, "current_hp": 24, "gold": 118}{"cards": 13, "upgrade_cards": 2, "curse_cards": 0, "relics": 3, "ascension": 0, "floor": 15, "potions": 3, "max_hp": 80, "current_hp": 48, "gold": 118}{"cards": 13, "upgrade_cards": 2, "curse_cards": 0, "relics": 4, "ascension": 0, "floor": 17, "potions": 1, "max_hp": 80, "current_hp": 80, "gold": 222}{"cards": 13, "upgrade_cards": 2, "curse_cards": 0, "relics": 4, "ascension": 0, "floor": 18, "potions": 2, "max_hp": 80, "current_hp": 78, "gold": 233}{"cards": 13, "upgrade_cards": 2, "curse_cards": 0, "relics": 4, "ascension": 0, "floor": 19, "potions": 2, "max_hp": 80, "current_hp": 78, "gold": 233}{"cards": 14, "upgrade_cards": 2, "curse_cards": 0, "relics": 4, "ascension": 0, "floor": 20, "potions": 3, "max_hp": 80, "current_hp": 76, "gold": 249}{"cards": 14, "upgrade_cards": 2, "curse_cards": 0, "relics": 5, "ascension": 0, "floor": 21, "potions": 2, "max_hp": 80, "current_hp": 76, "gold": 249}{"cards": 14, "upgrade_cards": 2, "curse_cards": 0, "relics": 5, "ascension": 0, "floor": 22, "potions": 2, "max_hp": 80, "current_hp": 80, "gold": 268}{"cards": 13, "upgrade_cards": 3, "curse_cards": 0, "relics": 5, "ascension": 0, "floor": 23, "potions": 2, "max_hp": 80, "current_hp": 80, "gold": 268}{"cards": 12, "upgrade_cards": 3, "curse_cards": 0, "relics": 5, "ascension": 0, "floor": 24, "potions": 2, "max_hp": 80, "current_hp": 80, "gold": 268}{"cards": 11, "upgrade_cards": 3, "curse_cards": 0, "relics": 5, "ascension": 0, "floor": 25, "potions": 2, "max_hp": 80, "current_hp": 80, "gold": 268}{"cards": 11, "upgrade_cards": 3, "curse_cards": 0, "relics": 6, "ascension": 0, "floor": 26, "potions": 2, "max_hp": 80, "current_hp": 80, "gold": 268}{"cards": 11, "upgrade_cards": 3, "curse_cards": 0, "relics": 6, "ascension": 0, "floor": 27, "potions": 3, "max_hp": 80, "current_hp": 80, "gold": 279}{"cards": 10, "upgrade_cards": 4, "curse_cards": 0, "relics": 6, "ascension": 0, "floor": 28, "potions": 3, "max_hp": 80, "current_hp": 80, "gold": 279}{"cards": 10, "upgrade_cards": 4, "curse_cards": 0, "relics": 6, "ascension": 0, "floor": 29, "potions": 3, "max_hp": 80, "current_hp": 68, "gold": 298}{"cards": 9, "upgrade_cards": 5, "curse_cards": 0, "relics": 6, "ascension": 0, "floor": 30, "potions": 3, "max_hp": 80, "current_hp": 68, "gold": 298}{"cards": 9, "upgrade_cards": 5, "curse_cards": 0, "relics": 6, "ascension": 0, "floor": 31, "potions": 4, "max_hp": 80, "current_hp": 57, "gold": 315}{"cards": 9, "upgrade_cards": 5, "curse_cards": 0, "relics": 6, "ascension": 0, "floor": 32, "potions": 4, "max_hp": 80, "current_hp": 80, "gold": 315}{"cards": 9, "upgrade_cards": 5, "curse_cards": 0, "relics": 7, "ascension": 0, "floor": 34, "potions": 1, "max_hp": 80, "current_hp": 80, "gold": 414}{"cards": 12, "upgrade_cards": 0, "curse_cards": 0, "relics": 2, "ascension": 0, "floor": 0, "potions": 0, "max_hp": 70, "current_hp": 70, "gold": 99}{"cards": 13, "upgrade_cards": 0, "curse_cards": 0, "relics": 2, "ascension": 0, "floor": 1, "potions": 0, "max_hp": 70, "current_hp": 70, "gold": 116}{"cards": 13, "upgrade_cards": 0, "curse_cards": 0, "relics": 2, "ascension": 0, "floor": 2, "potions": 0, "max_hp": 70, "current_hp": 70, "gold": 81}{"cards": 12, "upgrade_cards": 0, "curse_cards": 0, "relics": 2, "ascension": 0, "floor": 3, "potions": 0, "max_hp": 70, "current_hp": 70, "gold": 6}{"cards": 12, "upgrade_cards": 0, "curse_cards": 0, "relics": 3, "ascension": 0, "floor": 4, "potions": 0, "max_hp": 70, "current_hp": 52, "gold": 6}{"cards": 12, "upgrade_cards": 0, "curse_cards": 0, "relics": 3, "ascension": 0, "floor": 5, "potions": 0, "max_hp": 70, "current_hp": 41, "gold": 81}{"cards": 13, "upgrade_cards": 0, "curse_cards": 0, "relics": 4, "ascension": 0, "floor": 6, "potions": 0, "max_hp": 70, "current_hp": 41, "gold": 111}{"cards": 12, "upgrade_cards": 1, "curse_cards": 0, "relics": 4, "ascension": 0, "floor": 7, "potions": 0, "max_hp": 70, "current_hp": 41, "gold": 111}{"cards": 13, "upgrade_cards": 1, "curse_cards": 0, "relics": 4, "ascension": 0, "floor": 8, "potions": 1, "max_hp": 70, "current_hp": 36, "gold": 126}{"cards": 13, "upgrade_cards": 1, "curse_cards": 0, "relics": 5, "ascension": 0, "floor": 9, "potions": 1, "max_hp": 70, "current_hp": 36, "gold": 176}{"cards": 11, "upgrade_cards": 0, "curse_cards": 0, "relics": 1, "ascension": 0, "floor": 0, "potions": 0, "max_hp": 75, "current_hp": 75, "gold": 99}{"cards": 11, "upgrade_cards": 0, "curse_cards": 0, "relics": 1, "ascension": 0, "floor": 1, "potions": 0, "max_hp": 75, "current_hp": 75, "gold": 111}{"cards": 12, "upgrade_cards": 0, "curse_cards": 0, "relics": 1, "ascension": 0, "floor": 2, "potions": 1, "max_hp": 75, "current_hp": 70, "gold": 124}{"cards": 12, "upgrade_cards": 0, "curse_cards": 0, "relics": 1, "ascension": 0, "floor": 3, "potions": 1, "max_hp": 75, "current_hp": 70, "gold": 1}{"cards": 13, "upgrade_cards": 0, "curse_cards": 0, "relics": 1, "ascension": 0, "floor": 4, "potions": 2, "max_hp": 75, "current_hp": 70, "gold": 20}{"cards": 13, "upgrade_cards": 0, "curse_cards": 0, "relics": 1, "ascension": 0, "floor": 5, "potions": 2, "max_hp": 75, "current_hp": 70, "gold": 20}{"cards": 12, "upgrade_cards": 1, "curse_cards": 0, "relics": 1, "ascension": 0, "floor": 6, "potions": 2, "max_hp": 75, "current_hp": 70, "gold": 20}{"cards": 12, "upgrade_cards": 1, "curse_cards": 0, "relics": 1, "ascension": 0, "floor": 7, "potions": 2, "max_hp": 75, "current_hp": 70, "gold": 20}{"cards": 12, "upgrade_cards": 1, "curse_cards": 0, "relics": 2, "ascension": 0, "floor": 8, "potions": 2, "max_hp": 75, "current_hp": 67, "gold": 20}{"cards": 12, "upgrade_cards": 1, "curse_cards": 0, "relics": 3, "ascension": 0, "floor": 9, "potions": 2, "max_hp": 82, "current_hp": 74, "gold": 67}{"cards": 11, "upgrade_cards": 2, "curse_cards": 0, "relics": 3, "ascension": 0, "floor": 10, "potions": 2, "max_hp": 82, "current_hp": 74, "gold": 67}{"cards": 12, "upgrade_cards": 2, "curse_cards": 0, "relics": 3, "ascension": 0, "floor": 11, "potions": 3, "max_hp": 82, "current_hp": 74, "gold": 85}{"cards": 12, "upgrade_cards": 2, "curse_cards": 0, "relics": 4, "ascension": 0, "floor": 12, "potions": 3, "max_hp": 82, "current_hp": 45, "gold": 115}{"cards": 11, "upgrade_cards": 3, "curse_cards": 0, "relics": 4, "ascension": 0, "floor": 13, "potions": 3, "max_hp": 82, "current_hp": 45, "gold": 115}{"cards": 12, "upgrade_cards": 3, "curse_cards": 0, "relics": 4, "ascension": 0, "floor": 14, "potions": 3, "max_hp": 82, "current_hp": 37, "gold": 130}{"cards": 12, "upgrade_cards": 3, "curse_cards": 0, "relics": 4, "ascension": 0, "floor": 15, "potions": 3, "max_hp": 82, "current_hp": 61, "gold": 130}{"cards": 13, "upgrade_cards": 3, "curse_cards": 0, "relics": 5, "ascension": 0, "floor": 17, "potions": 1, "max_hp": 82, "current_hp": 82, "gold": 234}{"cards": 14, "upgrade_cards": 3, "curse_cards": 0, "relics": 5, "ascension": 0, "floor": 18, "potions": 2, "max_hp": 82, "current_hp": 76, "gold": 220}{"cards": 14, "upgrade_cards": 3, "curse_cards": 0, "relics": 5, "ascension": 0, "floor": 19, "potions": 2, "max_hp": 82, "current_hp": 76, "gold": 220}{"cards": 14, "upgrade_cards": 4, "curse_cards": 0, "relics": 5, "ascension": 0, "floor": 20, "potions": 2, "max_hp": 82, "current_hp": 62, "gold": 234}{"cards": 14, "upgrade_cards": 4, "curse_cards": 0, "relics": 6, "ascension": 0, "floor": 21, "potions": 2, "max_hp": 82, "current_hp": 62, "gold": 234}{"cards": 15, "upgrade_cards": 4, "curse_cards": 0, "relics": 6, "ascension": 0, "floor": 22, "potions": 2, "max_hp": 82, "current_hp": 62, "gold": 6}{"cards": 14, "upgrade_cards": 5, "curse_cards": 0, "relics": 6, "ascension": 0, "floor": 23, "potions": 2, "max_hp": 82, "current_hp": 62, "gold": 6}{"cards": 15, "upgrade_cards": 5, "curse_cards": 0, "relics": 6, "ascension": 0, "floor": 24, "potions": 2, "max_hp": 82, "current_hp": 42, "gold": 23}{"cards": 15, "upgrade_cards": 5, "curse_cards": 0, "relics": 6, "ascension": 0, "floor": 25, "potions": 2, "max_hp": 87, "current_hp": 26, "gold": 23}{"cards": 15, "upgrade_cards": 5, "curse_cards": 0, "relics": 7, "ascension": 0, "floor": 26, "potions": 2, "max_hp": 87, "current_hp": 26, "gold": 48}{"cards": 16, "upgrade_cards": 5, "curse_cards": 0, "relics": 7, "ascension": 0, "floor": 27, "potions": 3, "max_hp": 87, "current_hp": 26, "gold": 68}{"cards": 16, "upgrade_cards": 5, "curse_cards": 0, "relics": 7, "ascension": 0, "floor": 28, "potions": 3, "max_hp": 87, "current_hp": 52, "gold": 68}{"cards": 17, "upgrade_cards": 5, "curse_cards": 0, "relics": 8, "ascension": 0, "floor": 29, "potions": 3, "max_hp": 87, "current_hp": 30, "gold": 103}{"cards": 17, "upgrade_cards": 5, "curse_cards": 0, "relics": 8, "ascension": 0, "floor": 30, "potions": 3, "max_hp": 87, "current_hp": 56, "gold": 103}{"cards": 17, "upgrade_cards": 6, "curse_cards": 0, "relics": 8, "ascension": 0, "floor": 31, "potions": 3, "max_hp": 87, "current_hp": 56, "gold": 124}{"cards": 17, "upgrade_cards": 6, "curse_cards": 0, "relics": 8, "ascension": 0, "floor": 32, "potions": 3, "max_hp": 87, "current_hp": 82, "gold": 124}{"cards": 18, "upgrade_cards": 6, "curse_cards": 0, "relics": 9, "ascension": 0, "floor": 34, "potions": 1, "max_hp": 87, "current_hp": 87, "gold": 231}{"cards": 18, "upgrade_cards": 7, "curse_cards": 0, "relics": 9, "ascension": 0, "floor": 35, "potions": 2, "max_hp": 87, "current_hp": 84, "gold": 260}{"cards": 19, "upgrade_cards": 7, "curse_cards": 0, "relics": 10, "ascension": 0, "floor": 36, "potions": 3, "max_hp": 87, "current_hp": 31, "gold": 314}{"cards": 18, "upgrade_cards": 7, "curse_cards": 0, "relics": 10, "ascension": 0, "floor": 37, "potions": 3, "max_hp": 87, "current_hp": 31, "gold": 314}{"cards": 18, "upgrade_cards": 7, "curse_cards": 0, "relics": 10, "ascension": 0, "floor": 38, "potions": 3, "max_hp": 76, "current_hp": 76, "gold": 314}{"cards": 18, "upgrade_cards": 7, "curse_cards": 0, "relics": 10, "ascension": 0, "floor": 39, "potions": 3, "max_hp": 76, "current_hp": 76, "gold": 128}{"cards": 17, "upgrade_cards": 8, "curse_cards": 0, "relics": 10, "ascension": 0, "floor": 40, "potions": 3, "max_hp": 76, "current_hp": 76, "gold": 128}{"cards": 10, "upgrade_cards": 0, "curse_cards": 0, "relics": 1, "ascension": 0, "floor": 0, "potions": 0, "max_hp": 80, "current_hp": 80, "gold": 99}{"cards": 11, "upgrade_cards": 0, "curse_cards": 0, "relics": 1, "ascension": 0, "floor": 1, "potions": 0, "max_hp": 80, "current_hp": 77, "gold": 118}{"cards": 11, "upgrade_cards": 0, "curse_cards": 0, "relics": 1, "ascension": 0, "floor": 2, "potions": 0, "max_hp": 80, "current_hp": 80, "gold": 83}{"cards": 11, "upgrade_cards": 0, "curse_cards": 0, "relics": 1, "ascension": 0, "floor": 3, "potions": 0, "max_hp": 80, "current_hp": 80, "gold": 83}{"cards": 11, "upgrade_cards": 0, "curse_cards": 0, "relics": 1, "ascension": 0, "floor": 4, "potions": 0, "max_hp": 80, "current_hp": 80, "gold": 100}{"cards": 11, "upgrade_cards": 0, "curse_cards": 0, "relics": 1, "ascension": 0, "floor": 5, "potions": 0, "max_hp": 80, "current_hp": 80, "gold": 2}{"cards": 10, "upgrade_cards": 1, "curse_cards": 0, "relics": 1, "ascension": 0, "floor": 6, "potions": 0, "max_hp": 80, "current_hp": 80, "gold": 2}{"cards": 11, "upgrade_cards": 1, "curse_cards": 0, "relics": 2, "ascension": 0, "floor": 7, "potions": 1, "max_hp": 80, "current_hp": 36, "gold": 27}{"cards": 12, "upgrade_cards": 1, "curse_cards": 0, "relics": 2, "ascension": 0, "floor": 8, "potions": 1, "max_hp": 80, "current_hp": 36, "gold": 1}{"cards": 12, "upgrade_cards": 1, "curse_cards": 0, "relics": 3, "ascension": 0, "floor": 9, "potions": 1, "max_hp": 80, "current_hp": 36, "gold": 28}{"cards": 12, "upgrade_cards": 1, "curse_cards": 0, "relics": 4, "ascension": 0, "floor": 10, "potions": 2, "max_hp": 80, "current_hp": 17, "gold": 62}{"cards": 13, "upgrade_cards": 1, "curse_cards": 0, "relics": 4, "ascension": 0, "floor": 11, "potions": 2, "max_hp": 80, "current_hp": 17, "gold": 8}{"cards": 13, "upgrade_cards": 1, "curse_cards": 0, "relics": 4, "ascension": 0, "floor": 12, "potions": 2, "max_hp": 80, "current_hp": 41, "gold": 8}{"cards": 11, "upgrade_cards": 3, "curse_cards": 0, "relics": 4, "ascension": 0, "floor": 13, "potions": 2, "max_hp": 80, "current_hp": 25, "gold": 8}{"cards": 11, "upgrade_cards": 3, "curse_cards": 0, "relics": 4, "ascension": 0, "floor": 14, "potions": 2, "max_hp": 80, "current_hp": 25, "gold": 8}{"cards": 11, "upgrade_cards": 3, "curse_cards": 0, "relics": 4, "ascension": 0, "floor": 15, "potions": 2, "max_hp": 80, "current_hp": 49, "gold": 8}{"cards": 12, "upgrade_cards": 3, "curse_cards": 0, "relics": 5, "ascension": 0, "floor": 17, "potions": 0, "max_hp": 80, "current_hp": 80, "gold": 107}{"cards": 12, "upgrade_cards": 3, "curse_cards": 0, "relics": 5, "ascension": 0, "floor": 18, "potions": 0, "max_hp": 80, "current_hp": 47, "gold": 119}{"cards": 12, "upgrade_cards": 3, "curse_cards": 0, "relics": 5, "ascension": 0, "floor": 19, "potions": 0, "max_hp": 80, "current_hp": 47, "gold": 218}{"cards": 11, "upgrade_cards": 3, "curse_cards": 0, "relics": 5, "ascension": 0, "floor": 20, "potions": 0, "max_hp": 80, "current_hp": 47, "gold": 218}{"cards": 11, "upgrade_cards": 4, "curse_cards": 0, "relics": 5, "ascension": 0, "floor": 21, "potions": 1, "max_hp": 80, "current_hp": 30, "gold": 229}{"cards": 11, "upgrade_cards": 4, "curse_cards": 0, "relics": 5, "ascension": 0, "floor": 22, "potions": 1, "max_hp": 80, "current_hp": 30, "gold": 50}{"cards": 11, "upgrade_cards": 4, "curse_cards": 0, "relics": 5, "ascension": 0, "floor": 23, "potions": 1, "max_hp": 80, "current_hp": 54, "gold": 50}{"cards": 12, "upgrade_cards": 4, "curse_cards": 0, "relics": 5, "ascension": 0, "floor": 24, "potions": 1, "max_hp": 80, "current_hp": 54, "gold": 26}{"cards": 11, "upgrade_cards": 5, "curse_cards": 0, "relics": 5, "ascension": 0, "floor": 25, "potions": 1, "max_hp": 80, "current_hp": 54, "gold": 26}{"cards": 11, "upgrade_cards": 5, "curse_cards": 0, "relics": 6, "ascension": 0, "floor": 26, "potions": 1, "max_hp": 80, "current_hp": 54, "gold": 74}{"cards": 11, "upgrade_cards": 6, "curse_cards": 0, "relics": 6, "ascension": 0, "floor": 27, "potions": 2, "max_hp": 80, "current_hp": 39, "gold": 86}{"cards": 11, "upgrade_cards": 6, "curse_cards": 0, "relics": 6, "ascension": 0, "floor": 28, "potions": 2, "max_hp": 80, "current_hp": 65, "gold": 86}